<?xml version="1.0" encoding="utf-8"?>
<openerp>
   <data>
        <record id="product_template_search_view" model="ir.ui.view">
            <field name="name">product.template.search</field>
            <field name="model">product.template</field>
            <field name="inherit_id" ref="product.product_template_search_view"/>
            <field name="arch" type="xml">
                <xpath expr="//field[@name='name']" position="attributes">
                    <attribute name="context">{'flag_default_search_name': True}</attribute>
                </xpath>
            </field>
        </record>
    </data>
</openerp>


